<?xml version="1.0" encoding="UTF-8" standalone="yes"?>
<Invoice xmlns="urn:oasis:names:specification:ubl:schema:xsd:Invoice-2" xmlns:cbc="urn:oasis:names:specification:ubl:schema:xsd:CommonBasicComponents-2" xmlns:cac="urn:oasis:names:specification:ubl:schema:xsd:CommonAggregateComponents-2" xmlns:ns4="urn:oasis:names:specification:ubl:schema:xsd:CommonExtensionComponents-2" xmlns:xsi="http://www.w3.org/2001/XMLSchema-instance" xsi:schemaLocation="urn:oasis:names:specification:ubl:schema:xsd:Invoice-2 http://docs.oasis-open.org/ubl/os-UBL-2.1/xsd/maindoc/UBL-Invoice-2.1.xsd">
	<cbc:CustomizationID>urn:cen.eu:en16931:2017#compliant#urn:efactura.mfinante.ro:CIUS-RO:1.0.1</cbc:CustomizationID>
	<cbc:ID>150</cbc:ID>
	<cbc:IssueDate>2024-09-19</cbc:IssueDate>
	<cbc:DueDate>2024-10-19</cbc:DueDate>
	<cbc:InvoiceTypeCode>380</cbc:InvoiceTypeCode>
	<cbc:Note>-</cbc:Note>
	<cbc:DocumentCurrencyCode>RON</cbc:DocumentCurrencyCode>
	<cac:AccountingSupplierParty>
		<cac:Party>
			<cac:PartyIdentification>
				<cbc:ID>4206845</cbc:ID>
			</cac:PartyIdentification>
			<cac:PostalAddress>
				<cbc:StreetName>TUDOR VLADIMIRESCU NR.48</cbc:StreetName>
				<cbc:CityName>RO-DB</cbc:CityName>
				<cbc:CountrySubentity>RO-DB</cbc:CountrySubentity>
				<cac:Country>
					<cbc:IdentificationCode>RO</cbc:IdentificationCode>
				</cac:Country>
			</cac:PostalAddress>
			<cac:PartyTaxScheme>
				<cbc:CompanyID>4206845</cbc:CompanyID>
				<cac:TaxScheme/>
			</cac:PartyTaxScheme>
			<cac:PartyLegalEntity>
				<cbc:RegistrationName>SPITAL JUDETEAN DE URGENTA TARGOVISTE</cbc:RegistrationName>
			</cac:PartyLegalEntity>
			<cac:Contact>
				<cbc:Telephone>0245/212113, 0245/631582</cbc:Telephone>
				<cbc:ElectronicMail>sptadmin@dbspital.ro</cbc:ElectronicMail>
			</cac:Contact>
		</cac:Party>
	</cac:AccountingSupplierParty>
	<cac:AccountingCustomerParty>
		<cac:Party>
			<cac:PartyIdentification>
				<cbc:ID>4318016</cbc:ID>
			</cac:PartyIdentification>
			<cac:PostalAddress>
				<cbc:StreetName>-PITESTI, ARGES</cbc:StreetName>
				<cbc:CityName>-</cbc:CityName>
				<cbc:CountrySubentity>RO-AG</cbc:CountrySubentity>
				<cac:Country>
					<cbc:IdentificationCode>RO</cbc:IdentificationCode>
				</cac:Country>
			</cac:PostalAddress>
			<cac:PartyTaxScheme>
				<cbc:CompanyID>4318016</cbc:CompanyID>
				<cac:TaxScheme/>
			</cac:PartyTaxScheme>
			<cac:PartyLegalEntity>
				<cbc:RegistrationName>UM 02497 PITESTI</cbc:RegistrationName>
			</cac:PartyLegalEntity>
		</cac:Party>
	</cac:AccountingCustomerParty>
	<cac:PaymentMeans>
		<cbc:PaymentMeansCode>42</cbc:PaymentMeansCode>
		<cac:PayeeFinancialAccount>
			<cbc:ID>RO79TREZ27121F335000XXXX</cbc:ID>
			<cac:FinancialInstitutionBranch>
				<cbc:ID>TREZORERIE TARGOVISTE</cbc:ID>
			</cac:FinancialInstitutionBranch>
		</cac:PayeeFinancialAccount>
	</cac:PaymentMeans>
	<cac:TaxTotal>
		<cbc:TaxAmount currencyID="RON">0.00</cbc:TaxAmount>
		<cac:TaxSubtotal>
			<cbc:TaxableAmount currencyID="RON">865.00</cbc:TaxableAmount>
			<cbc:TaxAmount currencyID="RON">0.00</cbc:TaxAmount>
			<cac:TaxCategory>
				<cbc:ID>E</cbc:ID>
				<cbc:Percent>0.00</cbc:Percent>
				<cbc:TaxExemptionReasonCode>VATEX-EU-O</cbc:TaxExemptionReasonCode>
				<cac:TaxScheme>
					<cbc:ID>VAT</cbc:ID>
				</cac:TaxScheme>
			</cac:TaxCategory>
		</cac:TaxSubtotal>
	</cac:TaxTotal>
	<cac:LegalMonetaryTotal>
		<cbc:LineExtensionAmount currencyID="RON">865.00</cbc:LineExtensionAmount>
		<cbc:TaxExclusiveAmount currencyID="RON">865.00</cbc:TaxExclusiveAmount>
		<cbc:TaxInclusiveAmount currencyID="RON">865.00</cbc:TaxInclusiveAmount>
		<cbc:PayableAmount currencyID="RON">865.00</cbc:PayableAmount>
	</cac:LegalMonetaryTotal>
	<cac:InvoiceLine>
		<cbc:ID>1</cbc:ID>
		<cbc:InvoicedQuantity unitCode="H87">1.00</cbc:InvoicedQuantity>
		<cbc:LineExtensionAmount currencyID="RON">865.00</cbc:LineExtensionAmount>
		<cac:Item>
			<cbc:Description>CV ANALIZE MEDICALE LUNA AUGUST  2024</cbc:Description>
			<cbc:Name>ALTE VENITURI</cbc:Name>
			<cac:ClassifiedTaxCategory>
				<cbc:ID>E</cbc:ID>
				<cbc:Percent>0.00</cbc:Percent>
				<cac:TaxScheme>
					<cbc:ID>VAT</cbc:ID>
				</cac:TaxScheme>
			</cac:ClassifiedTaxCategory>
		</cac:Item>
		<cac:Price>
			<cbc:PriceAmount currencyID="RON">865.0000</cbc:PriceAmount>
		</cac:Price>
	</cac:InvoiceLine>
</Invoice>
