<?xml version="1.0" encoding="UTF-8"?>
<Invoice xmlns="urn:oasis:names:specification:ubl:schema:xsd:Invoice-2" xmlns:cac="urn:oasis:names:specification:ubl:schema:xsd:CommonAggregateComponents-2" xmlns:cbc="urn:oasis:names:specification:ubl:schema:xsd:CommonBasicComponents-2" xmlns:ns4="urn:oasis:names:specification:ubl:schema:xsd:CommonExtensionComponents-2" xmlns:xsi="http://www.w3.org/2001/XMLSchema-instance" xsi:schemaLocation="urn:oasis:names:specification:ubl:schema:xsd:Invoice-2 http://docs.oasis-open.org/ubl/os-UBL-2.1/xsd/maindoc/UBL-Invoice">
    <cbc:CustomizationID>urn:cen.eu:en16931:2017#compliant#urn:efactura.mfinante.ro:CIUS-RO:1.0.1</cbc:CustomizationID>
    <cbc:ID>SI24D4D003041</cbc:ID>
    <cbc:IssueDate>2024-07-08</cbc:IssueDate>
    <cbc:DueDate>2024-09-06</cbc:DueDate>
    <cbc:InvoiceTypeCode>380</cbc:InvoiceTypeCode>
    <cbc:Note>CS A5610/03.07.2024</cbc:Note>
    <cbc:TaxPointDate>2024-07-08</cbc:TaxPointDate>
    <cbc:DocumentCurrencyCode>RON</cbc:DocumentCurrencyCode>
    <cac:OrderReference>
        <cbc:ID>SI24D4D003041</cbc:ID>
    </cac:OrderReference>
    <cac:AccountingSupplierParty>
        <cac:Party>
            <cac:PostalAddress>
                <cbc:StreetName>Soseaua Pacurari Nr.127, Etaj 1</cbc:StreetName>
                <cbc:CityName>Iasi</cbc:CityName>
                <cbc:CountrySubentity>RO-IS</cbc:CountrySubentity>
                <cac:Country>
                    <cbc:IdentificationCode>RO</cbc:IdentificationCode>
                </cac:Country>
            </cac:PostalAddress>
            <cac:PartyTaxScheme>
                <cbc:CompanyID>RO27216082</cbc:CompanyID>
                <cac:TaxScheme>
                    <cbc:ID>VAT</cbc:ID>
                </cac:TaxScheme>
            </cac:PartyTaxScheme>
            <cac:PartyLegalEntity>
                <cbc:RegistrationName>FITERMAN DISTRIBUTION SRL</cbc:RegistrationName>
                <cbc:CompanyID>J22/1024/2010</cbc:CompanyID>
                <cbc:CompanyLegalForm>Capital subscris varsat: 130000.00 RON</cbc:CompanyLegalForm>
            </cac:PartyLegalEntity>
        </cac:Party>
    </cac:AccountingSupplierParty>
    <cac:AccountingCustomerParty>
        <cac:Party>
            <cac:PostalAddress>
                <cbc:StreetName>Str. Negru Voda, Nr. 47</cbc:StreetName>
                <cbc:CityName>PITESTI</cbc:CityName>
                <cbc:CountrySubentity>RO-AG</cbc:CountrySubentity>
                <cac:Country>
                    <cbc:IdentificationCode>RO</cbc:IdentificationCode>
                </cac:Country>
            </cac:PostalAddress>
            <cac:PartyLegalEntity>
                <cbc:RegistrationName>UM 02497- Sp. Militar de Urgenta “Dr. Ion Jianu”</cbc:RegistrationName>
                <cbc:CompanyID>4318016</cbc:CompanyID>
            </cac:PartyLegalEntity>
        </cac:Party>
    </cac:AccountingCustomerParty>
    <cac:PaymentMeans>
        <cbc:PaymentMeansCode>42</cbc:PaymentMeansCode>
        <cac:PayeeFinancialAccount>
            <cbc:ID>RO47INGB0014000038298911</cbc:ID>
            <cbc:Name>ING BANK</cbc:Name>
        </cac:PayeeFinancialAccount>
    </cac:PaymentMeans>
    <cac:PaymentMeans>
        <cbc:PaymentMeansCode>42</cbc:PaymentMeansCode>
        <cac:PayeeFinancialAccount>
            <cbc:ID>RO73TREZ4065069XXX016885</cbc:ID>
            <cbc:Name>TREZORERIE</cbc:Name>
        </cac:PayeeFinancialAccount>
    </cac:PaymentMeans>
    <cac:PaymentMeans>
        <cbc:PaymentMeansCode>42</cbc:PaymentMeansCode>
        <cac:PayeeFinancialAccount>
            <cbc:ID>RO75BTRLRONCRT0444792001</cbc:ID>
            <cbc:Name>BANCA TRANSILVANIA</cbc:Name>
        </cac:PayeeFinancialAccount>
    </cac:PaymentMeans>
    <cac:PaymentMeans>
        <cbc:PaymentMeansCode>42</cbc:PaymentMeansCode>
        <cac:PayeeFinancialAccount>
            <cbc:ID>RO70BRDE240SV11813162400</cbc:ID>
            <cbc:Name>BRD S.G.</cbc:Name>
        </cac:PayeeFinancialAccount>
    </cac:PaymentMeans>
    <cac:PaymentMeans>
        <cbc:PaymentMeansCode>42</cbc:PaymentMeansCode>
        <cac:PayeeFinancialAccount>
            <cbc:ID>RO69BACX0000001264348000</cbc:ID>
            <cbc:Name>UNICREDIT TIRIAC BANK</cbc:Name>
        </cac:PayeeFinancialAccount>
    </cac:PaymentMeans>
    <cac:TaxTotal>
        <cbc:TaxAmount currencyID="RON">0.00</cbc:TaxAmount>
        <cac:TaxSubtotal>
            <cbc:TaxableAmount currencyID="RON">0.01</cbc:TaxableAmount>
            <cbc:TaxAmount currencyID="RON">0.00</cbc:TaxAmount>
            <cac:TaxCategory>
                <cbc:ID>S</cbc:ID>
                <cbc:Percent>9.00</cbc:Percent>
                <cac:TaxScheme>
                    <cbc:ID>VAT</cbc:ID>
                </cac:TaxScheme>
            </cac:TaxCategory>
        </cac:TaxSubtotal>
    </cac:TaxTotal>
    <cac:LegalMonetaryTotal>
        <cbc:LineExtensionAmount currencyID="RON">0.01</cbc:LineExtensionAmount>
        <cbc:TaxExclusiveAmount currencyID="RON">0.01</cbc:TaxExclusiveAmount>
        <cbc:TaxInclusiveAmount currencyID="RON">0.01</cbc:TaxInclusiveAmount>
        <cbc:PayableAmount currencyID="RON">0.01</cbc:PayableAmount>
    </cac:LegalMonetaryTotal>
    <cac:InvoiceLine>
        <cbc:ID>1</cbc:ID>
        <cbc:InvoicedQuantity unitCode="XBX">100.000</cbc:InvoicedQuantity>
        <cbc:LineExtensionAmount currencyID="RON">0.00</cbc:LineExtensionAmount>
        <cac:Item>
            <cbc:Description>BONFLOR BOULARDII 1 bls x 10 cps</cbc:Description>
            <cbc:Name>BONFLOR BOULARDII 1 bls x 10 cps</cbc:Name>
            <cac:ClassifiedTaxCategory>
                <cbc:ID>S</cbc:ID>
                <cbc:Percent>9.00</cbc:Percent>
                <cac:TaxScheme>
                    <cbc:ID>VAT</cbc:ID>
                </cac:TaxScheme>
            </cac:ClassifiedTaxCategory>
        </cac:Item>
        <cac:Price>
            <cbc:PriceAmount currencyID="RON">0.000</cbc:PriceAmount>
        </cac:Price>
    </cac:InvoiceLine>
    <cac:InvoiceLine>
        <cbc:ID>2</cbc:ID>
        <cbc:InvoicedQuantity unitCode="M4">1.000</cbc:InvoicedQuantity>
        <cbc:LineExtensionAmount currencyID="RON">0.01</cbc:LineExtensionAmount>
        <cac:Item>
            <cbc:Description>ARTICOL VALOARE 0.01 09%</cbc:Description>
            <cbc:Name>ARTICOL VALOARE 0.01 09%</cbc:Name>
            <cac:ClassifiedTaxCategory>
                <cbc:ID>S</cbc:ID>
                <cbc:Percent>9.00</cbc:Percent>
                <cac:TaxScheme>
                    <cbc:ID>VAT</cbc:ID>
                </cac:TaxScheme>
            </cac:ClassifiedTaxCategory>
        </cac:Item>
        <cac:Price>
            <cbc:PriceAmount currencyID="RON">0.010</cbc:PriceAmount>
        </cac:Price>
    </cac:InvoiceLine>
</Invoice>
