<?xml version="1.0" encoding="UTF-8"?>
<Invoice xmlns:cbc="urn:oasis:names:specification:ubl:schema:xsd:CommonBasicComponents-2" xmlns:udt="urn:oasis:names:specification:ubl:schema:xsd:UnqualifiedDataTypes-2" xmlns:cac="urn:oasis:names:specification:ubl:schema:xsd:CommonAggregateComponents-2" xmlns:ccts="urn:un:unece:uncefact:documentation:2" xmlns="urn:oasis:names:specification:ubl:schema:xsd:Invoice-2" xmlns:qdt="urn:oasis:names:specification:ubl:schema:xsd:QualifiedDataTypes-2" xmlns:xsi="http://www.w3.org/2001/XMLSchema-instance"><cbc:UBLVersionID>2.1</cbc:UBLVersionID><cbc:CustomizationID>urn:cen.eu:en16931:2017#compliant#urn:efactura.mfinante.ro:CIUS-RO:1.0.1</cbc:CustomizationID><cbc:ID>AGCES2011907</cbc:ID><cbc:IssueDate>2024-09-19</cbc:IssueDate><cbc:DueDate>2024-10-20</cbc:DueDate><cbc:InvoiceTypeCode>380</cbc:InvoiceTypeCode><cbc:Note>TELEFON +40221154 Email smupitest2001@yahoo.com</cbc:Note><cbc:Note>Livrarile corespund cantitativ si calitativ, dar devin proprietatea cumparatorului dupa plata integrala;Factura se considera contract si in cazul intrarii in litigiu, partile recunosc caracterul de titlu executoriu al prezentului inscris</cbc:Note><cbc:Note>Factura din data emiterii  se considera contract si in cazul intrarii in litigiu partile recunosc caracterul de titlu executoriu al  prezentului inscris</cbc:Note><cbc:Note>Prin semnarea acestei facturi sunt de acord ca SC CES TOP INSTAL SRL sa prelucreze datele mele cu caracter personal in temeiul Regulamentului 679/2016.</cbc:Note><cbc:DocumentCurrencyCode>RON</cbc:DocumentCurrencyCode><cbc:TaxCurrencyCode>RON</cbc:TaxCurrencyCode><cac:AccountingSupplierParty><cac:Party><cbc:EndpointID schemeID="EM">evelina@cestop.ro</cbc:EndpointID><cac:PartyIdentification><cbc:ID>23412701</cbc:ID></cac:PartyIdentification><cac:PostalAddress><cbc:StreetName>PETROCHIMISTILOR nr. 22</cbc:StreetName><cbc:CityName>COMUNA BRADU SAT GEAMANA</cbc:CityName><cbc:CountrySubentity>RO-AG</cbc:CountrySubentity><cac:Country><cbc:IdentificationCode>RO</cbc:IdentificationCode></cac:Country></cac:PostalAddress><cac:PartyTaxScheme><cbc:CompanyID>RO23412701</cbc:CompanyID><cac:TaxScheme><cbc:ID>VAT</cbc:ID></cac:TaxScheme></cac:PartyTaxScheme><cac:PartyLegalEntity><cbc:RegistrationName>S.C.CES TOP INSTAL SRL</cbc:RegistrationName><cbc:CompanyID>J03/493/2008</cbc:CompanyID><cbc:CompanyLegalForm>Capital social: 3000</cbc:CompanyLegalForm></cac:PartyLegalEntity><cac:Contact><cbc:Name>CATANA EVELINA</cbc:Name><cbc:Telephone>0248/282267</cbc:Telephone><cbc:ElectronicMail>evelina@cestop.ro</cbc:ElectronicMail></cac:Contact></cac:Party></cac:AccountingSupplierParty><cac:AccountingCustomerParty><cac:Party><cac:PartyIdentification><cbc:ID>4318016</cbc:ID></cac:PartyIdentification><cac:PostalAddress><cbc:StreetName>STR. NEGRU VODA, NR. 47</cbc:StreetName><cbc:CityName>PITESTI</cbc:CityName><cbc:CountrySubentity>RO-AG</cbc:CountrySubentity><cac:Country><cbc:IdentificationCode>RO</cbc:IdentificationCode></cac:Country></cac:PostalAddress><cac:PartyTaxScheme><cbc:CompanyID>4318016</cbc:CompanyID><cac:TaxScheme/></cac:PartyTaxScheme><cac:PartyLegalEntity><cbc:RegistrationName>UNITATEA MILITARA 02497 PITESTI</cbc:RegistrationName><cbc:CompanyID>4318016</cbc:CompanyID></cac:PartyLegalEntity><cac:Contact><cbc:Telephone>0248218090</cbc:Telephone></cac:Contact></cac:Party></cac:AccountingCustomerParty><cac:PaymentMeans><cbc:PaymentMeansCode>42</cbc:PaymentMeansCode><cac:PayeeFinancialAccount><cbc:ID>RO34INGB0000999905917202</cbc:ID><cbc:Name>ING BANK ROMANIA</cbc:Name></cac:PayeeFinancialAccount></cac:PaymentMeans><cac:PaymentMeans><cbc:PaymentMeansCode>42</cbc:PaymentMeansCode><cac:PayeeFinancialAccount><cbc:ID>RO58TREZ0465069XXX006980</cbc:ID><cbc:Name>Trezorerie operativa Municipiul Pitesti</cbc:Name></cac:PayeeFinancialAccount></cac:PaymentMeans><cac:PaymentMeans><cbc:PaymentMeansCode>42</cbc:PaymentMeansCode><cac:PayeeFinancialAccount><cbc:ID>RO56INGB0000999906509961</cbc:ID><cbc:Name>ING BANK ROMANIA</cbc:Name></cac:PayeeFinancialAccount></cac:PaymentMeans><cac:TaxTotal><cbc:TaxAmount currencyID="RON">6600.60</cbc:TaxAmount><cac:TaxSubtotal><cbc:TaxableAmount currencyID="RON">34740.00</cbc:TaxableAmount><cbc:TaxAmount currencyID="RON">6600.60</cbc:TaxAmount><cac:TaxCategory><cbc:ID>S</cbc:ID><cbc:Percent>19</cbc:Percent><cac:TaxScheme><cbc:ID>VAT</cbc:ID></cac:TaxScheme></cac:TaxCategory></cac:TaxSubtotal></cac:TaxTotal><cac:LegalMonetaryTotal><cbc:LineExtensionAmount currencyID="RON">34740.00</cbc:LineExtensionAmount><cbc:TaxExclusiveAmount currencyID="RON">34740.00</cbc:TaxExclusiveAmount><cbc:TaxInclusiveAmount currencyID="RON">41340.60</cbc:TaxInclusiveAmount><cbc:PayableAmount currencyID="RON">41340.60</cbc:PayableAmount></cac:LegalMonetaryTotal><cac:InvoiceLine><cbc:ID>1</cbc:ID><cbc:InvoicedQuantity unitCode="H87">1.000</cbc:InvoicedQuantity><cbc:LineExtensionAmount currencyID="RON">34740.00</cbc:LineExtensionAmount><cac:Item><cbc:Description>VENTILATIE SI CLIMATIZARE, CF CTR A-6206/24.07.2024</cbc:Description><cbc:Name>SERVICII DE MENTENANTA A ECHIPAMENTELOR/SISTEMELOR DE</cbc:Name><cac:ClassifiedTaxCategory><cbc:ID>S</cbc:ID><cbc:Percent>19</cbc:Percent><cac:TaxScheme><cbc:ID>VAT</cbc:ID></cac:TaxScheme></cac:ClassifiedTaxCategory></cac:Item><cac:Price><cbc:PriceAmount currencyID="RON">34740.0000</cbc:PriceAmount></cac:Price></cac:InvoiceLine></Invoice>
